algorithm_name,size,solution,generations,time,conflicts
hill_climbing,4,"[1, 2, 0, 3]",24,5.602836608886719e-05,1
simulated_annealing,4,"[2, 0, 3, 1]",91,0.0009596347808837891,0
genetic,4,"[2, 0, 3, 1]",1,0.0,0
genetic2,4,"[2, 0, 3, 1]",2,0.03667116165161133,0
hill_climbing,4,"[0, 3, 1, 2]",36,7.653236389160156e-05,1
simulated_annealing,4,"[2, 0, 3, 1]",19,0.00020933151245117188,0
genetic,4,"[1, 3, 0, 2]",1,0.0,0
genetic2,4,"[2, 0, 3, 1]",25,0.3165442943572998,0
hill_climbing,4,"[2, 1, 3, 0]",36,7.581710815429688e-05,1
simulated_annealing,4,"[1, 3, 0, 2]",9,0.00010251998901367188,0
genetic,4,"[2, 0, 3, 1]",2,0.024445533752441406,0
genetic2,4,"[1, 3, 0, 2]",5,0.07308697700500488,0
hill_climbing,4,"[1, 3, 0, 2]",60,0.00011968612670898438,0
simulated_annealing,4,"[2, 0, 3, 1]",39,0.0004153251647949219,0
genetic,4,"[2, 0, 3, 1]",1,0.011964082717895508,0
genetic2,4,"[2, 0, 3, 1]",2,0.036498308181762695,0
hill_climbing,4,"[2, 1, 3, 0]",24,5.054473876953125e-05,1
simulated_annealing,4,"[1, 3, 0, 2]",22,0.00023603439331054688,0
genetic,4,"[2, 0, 3, 1]",1,0.0,0
genetic2,4,"[1, 3, 0, 2]",23,0.29850268363952637,0
hill_climbing,4,"[1, 3, 0, 2]",36,8.249282836914062e-05,0
simulated_annealing,4,"[2, 0, 3, 1]",21,0.00023126602172851562,0
genetic,4,"[2, 0, 3, 1]",1,0.0,0
genetic2,4,"[2, 0, 3, 1]",2,0.036713600158691406,0
hill_climbing,4,"[3, 0, 2, 1]",24,5.054473876953125e-05,1
simulated_annealing,4,"[1, 3, 0, 2]",23,0.0002465248107910156,0
genetic,4,"[1, 3, 0, 2]",1,0.0,0
genetic2,4,"[1, 3, 0, 2]",1,0.02440166473388672,0
hill_climbing,4,"[0, 2, 3, 1]",24,5.054473876953125e-05,1
simulated_annealing,4,"[2, 0, 3, 1]",31,0.0003352165222167969,0
genetic,4,"[1, 3, 0, 2]",4,0.04939413070678711,0
genetic2,4,"[1, 3, 0, 2]",3,0.0488581657409668,0
hill_climbing,4,"[2, 0, 3, 1]",48,9.608268737792969e-05,0
simulated_annealing,4,"[2, 0, 3, 1]",13,0.00014281272888183594,0
genetic,4,"[1, 3, 0, 2]",1,0.011952877044677734,0
genetic2,4,"[2, 0, 3, 1]",3,0.04877614974975586,0
hill_climbing,4,"[0, 2, 3, 1]",36,7.43865966796875e-05,1
simulated_annealing,4,"[1, 3, 0, 2]",73,0.0007781982421875,0
genetic,4,"[1, 3, 0, 2]",1,0.0,0
genetic2,4,"[2, 0, 3, 1]",0,0.012209177017211914,0
hill_climbing,4,"[1, 3, 2, 0]",24,5.0067901611328125e-05,1
simulated_annealing,4,"[1, 3, 0, 2]",20,0.0002105236053466797,0
genetic,4,"[1, 3, 0, 2]",1,0.01212000846862793,0
genetic2,4,"[2, 0, 3, 1]",0,0.012267351150512695,0
hill_climbing,4,"[3, 0, 2, 1]",36,7.367134094238281e-05,1
simulated_annealing,4,"[2, 0, 3, 1]",45,0.0004787445068359375,0
genetic,4,"[1, 3, 0, 2]",1,0.0,0
genetic2,4,"[2, 0, 3, 1]",5,0.0730125904083252,0
hill_climbing,4,"[1, 3, 2, 0]",24,5.030632019042969e-05,1
simulated_annealing,4,"[1, 3, 0, 2]",29,0.00031685829162597656,0
genetic,4,"[1, 3, 0, 2]",4,0.049233198165893555,0
genetic2,4,"[2, 0, 3, 1]",0,0.012268543243408203,0
hill_climbing,4,"[1, 3, 0, 2]",48,9.72747802734375e-05,0
simulated_annealing,4,"[2, 0, 3, 1]",35,0.0003807544708251953,0
genetic,4,"[2, 0, 3, 1]",1,0.0,0
genetic2,4,"[1, 3, 0, 2]",26,0.3287177085876465,0
hill_climbing,4,"[0, 3, 1, 2]",36,8.273124694824219e-05,1
simulated_annealing,4,"[2, 0, 3, 1]",52,0.0005402565002441406,0
genetic,4,"[2, 0, 3, 1]",1,0.0,0
genetic2,4,"[1, 3, 0, 2]",5,0.07320642471313477,0
hill_climbing,4,"[0, 2, 3, 1]",36,7.367134094238281e-05,1
simulated_annealing,4,"[1, 3, 0, 2]",21,0.00023126602172851562,0
genetic,4,"[1, 3, 0, 2]",3,0.03684210777282715,0
genetic2,4,"[2, 0, 3, 1]",1,0.02437734603881836,0
hill_climbing,4,"[2, 0, 3, 1]",36,7.510185241699219e-05,0
simulated_annealing,4,"[2, 0, 3, 1]",34,0.0003609657287597656,0
genetic,4,"[1, 3, 0, 2]",1,0.0,0
genetic2,4,"[1, 3, 0, 2]",13,0.17047715187072754,0
hill_climbing,4,"[2, 0, 3, 1]",24,5.125999450683594e-05,0
simulated_annealing,4,"[2, 0, 3, 1]",44,0.0004680156707763672,0
genetic,4,"[1, 3, 0, 2]",1,0.0,0
genetic2,4,"[1, 3, 0, 2]",9,0.12172770500183105,0
hill_climbing,4,"[1, 2, 0, 3]",24,5.1975250244140625e-05,1
simulated_annealing,4,"[1, 3, 0, 2]",8,8.940696716308594e-05,0
genetic,4,"[2, 0, 3, 1]",1,0.0,0
genetic2,4,"[1, 3, 0, 2]",1,0.024308204650878906,0
hill_climbing,4,"[2, 0, 1, 3]",36,7.62939453125e-05,1
simulated_annealing,4,"[1, 3, 0, 2]",21,0.000217437744140625,0
genetic,4,"[2, 0, 3, 1]",1,0.0,0
genetic2,4,"[1, 3, 0, 2]",11,0.14597105979919434,0
hill_climbing,4,"[1, 3, 0, 2]",48,9.870529174804688e-05,0
simulated_annealing,4,"[2, 0, 3, 1]",94,0.0009615421295166016,0
genetic,4,"[2, 0, 3, 1]",3,0.03691911697387695,0
genetic2,4,"[1, 3, 0, 2]",0,0.012141704559326172,0
hill_climbing,4,"[3, 0, 2, 1]",24,5.1021575927734375e-05,1
simulated_annealing,4,"[2, 0, 3, 1]",25,0.00026917457580566406,0
genetic,4,"[1, 3, 0, 2]",1,0.0,0
genetic2,4,"[1, 3, 0, 2]",5,0.07309770584106445,0
hill_climbing,4,"[0, 2, 3, 1]",36,7.605552673339844e-05,1
simulated_annealing,4,"[2, 0, 3, 1]",171,0.001790761947631836,0
genetic,4,"[1, 3, 0, 2]",1,0.0,0
genetic2,4,"[2, 0, 3, 1]",9,0.12140464782714844,0
hill_climbing,4,"[1, 3, 0, 2]",24,5.14984130859375e-05,0
simulated_annealing,4,"[2, 0, 3, 1]",47,0.0004940032958984375,0
genetic,4,"[1, 3, 0, 2]",1,0.0,0
genetic2,4,"[2, 0, 3, 1]",2,0.03637814521789551,0
hill_climbing,4,"[0, 3, 1, 2]",36,7.534027099609375e-05,1
simulated_annealing,4,"[1, 3, 0, 2]",15,0.00016164779663085938,0
genetic,4,"[2, 0, 3, 1]",1,0.0,0
genetic2,4,"[1, 3, 0, 2]",1,0.024344682693481445,0
hill_climbing,4,"[0, 3, 1, 2]",24,5.14984130859375e-05,1
simulated_annealing,4,"[2, 0, 3, 1]",71,0.0007534027099609375,0
genetic,4,"[2, 0, 3, 1]",1,0.011984109878540039,0
genetic2,4,"[1, 3, 0, 2]",0,0.012211799621582031,0
hill_climbing,4,"[3, 0, 2, 1]",24,5.125999450683594e-05,1
simulated_annealing,4,"[1, 3, 0, 2]",8,9.489059448242188e-05,0
genetic,4,"[1, 3, 0, 2]",3,0.036939144134521484,0
genetic2,4,"[2, 0, 3, 1]",2,0.03654026985168457,0
hill_climbing,4,"[1, 2, 0, 3]",36,7.677078247070312e-05,1
simulated_annealing,4,"[1, 3, 0, 2]",1,1.2636184692382812e-05,0
genetic,4,"[1, 3, 0, 2]",2,0.024555683135986328,0
genetic2,4,"[1, 3, 0, 2]",3,0.04867434501647949,0
hill_climbing,4,"[3, 0, 2, 1]",36,8.177757263183594e-05,1
simulated_annealing,4,"[1, 3, 0, 2]",12,0.00012922286987304688,0
genetic,4,"[2, 0, 3, 1]",1,0.011934757232666016,0
genetic2,4,"[2, 0, 3, 1]",7,0.09753870964050293,0
hill_climbing,4,"[1, 3, 0, 2]",24,5.1021575927734375e-05,0
simulated_annealing,4,"[1, 3, 0, 2]",9,9.560585021972656e-05,0
genetic,4,"[2, 0, 3, 1]",3,0.036797285079956055,0
genetic2,4,"[1, 3, 0, 2]",0,0.012172460556030273,0
hill_climbing,8,"[1, 4, 2, 7, 6, 0, 3, 5]",168,0.0010287761688232422,2
simulated_annealing,8,"[4, 7, 1, 6, 2, 5, 7, 0]",1000,0.030820846557617188,1
genetic,8,"[3, 7, 7, 4, 0, 5, 5, 1]",1000,13.680010557174683,3
genetic2,8,"[7, 5, 1, 2, 0, 7, 4, 0]",999,13.045899629592896,4
hill_climbing,8,"[1, 6, 3, 7, 0, 4, 2, 5]",224,0.0013294219970703125,2
simulated_annealing,8,"[3, 0, 4, 7, 5, 2, 6, 1]",417,0.0126800537109375,0
genetic,8,"[4, 0, 7, 5, 2, 6, 1, 3]",511,6.97057843208313,0
genetic2,8,"[0, 6, 1, 5, 4, 5, 7, 4]",999,13.214014530181885,6
hill_climbing,8,"[1, 3, 5, 7, 4, 4, 0, 5]",280,0.0015990734100341797,2
simulated_annealing,8,"[7, 2, 0, 5, 1, 4, 6, 3]",441,0.013526439666748047,0
genetic,8,"[4, 0, 7, 5, 2, 6, 1, 3]",49,0.6676909923553467,0
genetic2,8,"[4, 0, 5, 2, 5, 1, 0, 3]",999,12.967662334442139,5
hill_climbing,8,"[7, 4, 2, 5, 6, 1, 0, 4]",168,0.0009775161743164062,3
simulated_annealing,8,"[4, 1, 7, 0, 3, 6, 2, 5]",361,0.011027812957763672,0
genetic,8,"[4, 1, 7, 0, 3, 6, 2, 5]",506,6.852478742599487,0
genetic2,8,"[1, 6, 2, 3, 1, 7, 5, 1]",999,12.919163465499878,4
hill_climbing,8,"[2, 6, 1, 4, 7, 3, 0, 7]",224,0.0013382434844970703,2
simulated_annealing,8,"[1, 6, 4, 7, 0, 3, 5, 2]",524,0.016112327575683594,0
genetic,8,"[4, 6, 0, 3, 1, 7, 5, 2]",67,0.9030680656433105,0
genetic2,8,"[5, 2, 4, 3, 1, 4, 6, 4]",999,12.93232774734497,7
hill_climbing,8,"[2, 6, 1, 7, 5, 3, 0, 4]",336,0.001986265182495117,0
simulated_annealing,8,"[5, 2, 4, 7, 3, 0, 6, 1]",1000,0.030604124069213867,1
genetic,8,"[4, 6, 3, 0, 4, 1, 5, 6]",1000,13.498278617858887,3
genetic2,8,"[1, 7, 2, 0, 2, 4, 4, 7]",999,13.069923639297485,5
hill_climbing,8,"[2, 0, 3, 7, 4, 6, 1, 5]",280,0.0016856193542480469,1
simulated_annealing,8,"[1, 6, 4, 2, 7, 5, 3, 0]",1000,0.03052544593811035,1
genetic,8,"[2, 7, 1, 7, 4, 0, 3, 5]",1000,13.53323245048523,2
genetic2,8,"[5, 3, 4, 0, 0, 5, 1, 1]",999,12.934104204177856,5
hill_climbing,8,"[3, 1, 6, 2, 0, 7, 4, 2]",224,0.0013093948364257812,1
simulated_annealing,8,"[2, 5, 7, 0, 4, 6, 1, 3]",87,0.002665281295776367,0
genetic,8,"[4, 7, 3, 0, 2, 5, 1, 6]",534,7.227823734283447,0
genetic2,8,"[0, 6, 5, 2, 3, 1, 4, 2]",999,13.033666372299194,5
hill_climbing,8,"[4, 6, 3, 0, 7, 1, 2, 5]",336,0.0020020008087158203,1
simulated_annealing,8,"[5, 2, 4, 7, 0, 3, 1, 6]",458,0.014116287231445312,0
genetic,8,"[2, 4, 7, 3, 0, 6, 1, 5]",204,2.754467487335205,0
genetic2,8,"[7, 3, 5, 1, 1, 6, 6, 0]",999,13.024276494979858,6
hill_climbing,8,"[1, 4, 7, 0, 3, 6, 2, 5]",280,0.0016911029815673828,1
simulated_annealing,8,"[4, 7, 3, 0, 6, 1, 5, 2]",138,0.0042018890380859375,0
genetic,8,"[1, 3, 6, 0, 7, 2, 4, 6]",1000,13.5002281665802,2
genetic2,8,"[1, 4, 6, 3, 0, 7, 5, 2]",557,7.203044891357422,0
hill_climbing,8,"[2, 0, 7, 3, 0, 6, 4, 1]",168,0.000997304916381836,1
simulated_annealing,8,"[4, 0, 7, 3, 1, 6, 2, 5]",63,0.0019350051879882812,0
genetic,8,"[2, 3, 7, 0, 2, 6, 4, 1]",1000,13.500862836837769,3
genetic2,8,"[5, 5, 3, 4, 0, 1, 4, 6]",999,12.921109199523926,6
hill_climbing,8,"[5, 2, 6, 3, 7, 4, 1, 0]",280,0.0016372203826904297,1
simulated_annealing,8,"[5, 3, 6, 0, 7, 1, 4, 2]",91,0.002778291702270508,0
genetic,8,"[6, 3, 1, 7, 5, 0, 2, 4]",59,0.7970552444458008,0
genetic2,8,"[5, 0, 3, 6, 6, 2, 0, 4]",999,12.926562547683716,4
hill_climbing,8,"[6, 4, 1, 5, 0, 2, 7, 3]",224,0.0012993812561035156,1
simulated_annealing,8,"[4, 0, 7, 3, 1, 6, 2, 5]",391,0.012068986892700195,0
genetic,8,"[1, 5, 0, 6, 3, 7, 2, 4]",291,3.934889793395996,0
genetic2,8,"[4, 1, 7, 4, 0, 5, 6, 0]",999,13.122570753097534,7
hill_climbing,8,"[6, 0, 7, 1, 4, 2, 5, 3]",280,0.001657724380493164,1
simulated_annealing,8,"[5, 2, 6, 3, 0, 7, 1, 4]",476,0.014589786529541016,0
genetic,8,"[7, 1, 4, 2, 0, 6, 3, 5]",407,5.523253679275513,0
genetic2,8,"[5, 2, 4, 7, 0, 3, 1, 6]",15,0.209336519241333,0
hill_climbing,8,"[2, 6, 1, 7, 5, 3, 0, 4]",280,0.0016586780548095703,0
simulated_annealing,8,"[5, 3, 0, 4, 7, 4, 6, 1]",1000,0.030498981475830078,1
genetic,8,"[5, 3, 6, 0, 2, 4, 1, 7]",771,10.485623359680176,0
genetic2,8,"[6, 2, 5, 7, 0, 7, 5, 7]",999,12.929788827896118,4
hill_climbing,8,"[2, 0, 7, 3, 1, 6, 4, 0]",280,0.0016584396362304688,1
simulated_annealing,8,"[5, 7, 4, 1, 3, 6, 6, 2]",1000,0.030652999877929688,1
genetic,8,"[0, 6, 4, 7, 1, 3, 5, 2]",661,8.972242832183838,0
genetic2,8,"[4, 0, 5, 4, 1, 5, 7, 6]",999,12.929279088973999,6
hill_climbing,8,"[1, 6, 2, 0, 2, 4, 7, 3]",168,0.0009975433349609375,2
simulated_annealing,8,"[2, 6, 3, 1, 7, 5, 0, 2]",1000,0.030515670776367188,1
genetic,8,"[2, 5, 3, 1, 7, 4, 6, 0]",470,6.406095027923584,0
genetic2,8,"[1, 2, 5, 7, 0, 5, 3, 5]",999,13.12462043762207,5
hill_climbing,8,"[4, 6, 0, 5, 7, 1, 3, 2]",224,0.001314401626586914,1
simulated_annealing,8,"[4, 2, 0, 6, 1, 7, 5, 3]",487,0.014950037002563477,0
genetic,8,"[2, 5, 7, 1, 3, 0, 2, 6]",1000,13.65157675743103,2
genetic2,8,"[5, 3, 4, 0, 7, 7, 4, 1]",999,12.998512744903564,5
hill_climbing,8,"[2, 4, 1, 5, 0, 6, 3, 7]",224,0.0013577938079833984,1
simulated_annealing,8,"[7, 0, 3, 1, 6, 5, 2, 4]",1000,0.030735492706298828,1
genetic,8,"[4, 7, 3, 0, 6, 1, 5, 2]",35,0.4749643802642822,0
genetic2,8,"[3, 7, 2, 5, 6, 0, 5, 5]",999,12.973144292831421,5
hill_climbing,8,"[7, 1, 3, 6, 0, 2, 5, 5]",224,0.0013191699981689453,2
simulated_annealing,8,"[7, 4, 1, 5, 2, 6, 6, 3]",1000,0.030509233474731445,1
genetic,8,"[2, 5, 1, 4, 7, 0, 6, 3]",76,1.0344994068145752,0
genetic2,8,"[1, 5, 1, 4, 6, 1, 3, 7]",999,12.936174392700195,5
hill_climbing,8,"[0, 7, 4, 1, 5, 2, 1, 6]",224,0.0013222694396972656,2
simulated_annealing,8,"[7, 2, 4, 6, 0, 3, 5, 1]",1000,0.03083062171936035,1
genetic,8,"[5, 7, 1, 3, 0, 6, 4, 2]",65,0.8840532302856445,0
genetic2,8,"[5, 2, 7, 6, 4, 2, 1, 7]",999,13.085670948028564,6
hill_climbing,8,"[5, 2, 4, 1, 7, 0, 6, 3]",280,0.0016303062438964844,1
simulated_annealing,8,"[3, 1, 7, 4, 6, 0, 2, 5]",607,0.018659114837646484,0
genetic,8,"[6, 4, 1, 5, 0, 2, 4, 7]",1000,13.604216814041138,1
genetic2,8,"[5, 3, 1, 6, 5, 2, 3, 7]",999,12.968554019927979,6
hill_climbing,8,"[4, 6, 1, 2, 5, 7, 0, 3]",224,0.0013394355773925781,1
simulated_annealing,8,"[1, 6, 2, 5, 7, 4, 0, 3]",41,0.0012485980987548828,0
genetic,8,"[4, 6, 0, 2, 7, 5, 3, 1]",653,8.93356728553772,0
genetic2,8,"[6, 4, 2, 5, 6, 6, 3, 0]",999,13.057617902755737,4
hill_climbing,8,"[7, 4, 1, 5, 2, 0, 6, 3]",224,0.0013327598571777344,1
simulated_annealing,8,"[4, 0, 3, 5, 7, 1, 6, 2]",353,0.01073145866394043,0
genetic,8,"[2, 5, 1, 6, 0, 3, 7, 4]",104,1.4068007469177246,0
genetic2,8,"[4, 1, 7, 4, 3, 0, 0, 2]",999,13.105656623840332,5
hill_climbing,8,"[5, 3, 0, 7, 3, 6, 2, 1]",168,0.0009911060333251953,2
simulated_annealing,8,"[4, 1, 3, 5, 7, 2, 0, 6]",279,0.008514165878295898,0
genetic,8,"[5, 2, 6, 3, 0, 7, 1, 4]",518,7.073887825012207,0
genetic2,8,"[3, 6, 2, 0, 2, 7, 3, 3]",999,12.961454629898071,6
hill_climbing,8,"[5, 0, 0, 7, 6, 2, 3, 1]",168,0.0010004043579101562,3
simulated_annealing,8,"[3, 5, 7, 1, 6, 0, 2, 4]",307,0.009331226348876953,0
genetic,8,"[6, 3, 1, 4, 7, 0, 2, 5]",589,7.992867469787598,0
genetic2,8,"[3, 3, 1, 3, 5, 7, 2, 4]",999,12.966786623001099,5
hill_climbing,8,"[6, 0, 5, 7, 1, 3, 6, 2]",280,0.001596212387084961,1
simulated_annealing,8,"[4, 2, 0, 6, 1, 7, 5, 3]",517,0.01582932472229004,0
genetic,8,"[3, 7, 2, 5, 2, 6, 3, 0]",1000,13.60648798942566,3
genetic2,8,"[6, 2, 7, 3, 6, 2, 5, 6]",999,12.992839336395264,6
hill_climbing,8,"[3, 1, 4, 2, 0, 6, 7, 5]",168,0.0010175704956054688,1
simulated_annealing,8,"[3, 0, 4, 7, 1, 6, 2, 5]",560,0.017210721969604492,0
genetic,8,"[4, 1, 7, 0, 3, 6, 2, 5]",403,5.470185279846191,0
genetic2,8,"[5, 2, 4, 7, 0, 3, 1, 6]",121,1.6020452976226807,0
hill_climbing,8,"[2, 0, 6, 3, 1, 4, 7, 5]",224,0.001352071762084961,1
simulated_annealing,8,"[3, 6, 4, 2, 0, 5, 7, 1]",43,0.0013189315795898438,0
genetic,8,"[6, 4, 0, 2, 5, 7, 2, 3]",1000,13.5990629196167,3
genetic2,8,"[2, 2, 7, 1, 6, 0, 2, 5]",999,12.96384882926941,5
hill_climbing,8,"[4, 1, 1, 6, 2, 3, 7, 0]",280,0.0016503334045410156,2
simulated_annealing,8,"[4, 6, 1, 5, 2, 0, 7, 3]",382,0.011748075485229492,0
genetic,8,"[2, 5, 3, 1, 7, 4, 6, 0]",29,0.39278364181518555,0
genetic2,8,"[1, 1, 4, 1, 5, 2, 2, 3]",999,12.966674089431763,6
hill_climbing,10,"[9, 7, 3, 1, 8, 5, 9, 6, 0, 2]",450,0.003969669342041016,2
simulated_annealing,10,"[7, 4, 6, 9, 2, 5, 8, 1, 3, 0]",1000,0.04789900779724121,1
genetic,10,"[0, 7, 5, 2, 6, 8, 0, 4, 9, 7]",1000,14.348522663116455,3
genetic2,10,"[5, 0, 1, 4, 4, 5, 8, 2, 7, 7]",999,13.56944751739502,7
hill_climbing,10,"[6, 8, 1, 7, 9, 0, 2, 4, 8, 3]",540,0.0047321319580078125,1
simulated_annealing,10,"[5, 7, 2, 4, 8, 1, 9, 6, 3, 0]",298,0.013864517211914062,0
genetic,10,"[7, 5, 3, 9, 0, 8, 9, 7, 1, 7]",1000,14.213685035705566,5
genetic2,10,"[2, 9, 7, 0, 4, 7, 5, 3, 1, 7]",999,13.4421546459198,6
hill_climbing,10,"[6, 3, 1, 7, 5, 8, 2, 0, 3, 9]",450,0.004042148590087891,1
simulated_annealing,10,"[8, 1, 4, 7, 0, 6, 9, 2, 5, 3]",424,0.01987934112548828,0
genetic,10,"[5, 1, 4, 0, 7, 3, 1, 8, 2, 6]",1000,14.144560813903809,3
genetic2,10,"[9, 5, 4, 8, 6, 0, 2, 5, 5, 0]",999,14.91747260093689,7
hill_climbing,10,"[0, 3, 8, 6, 1, 9, 7, 5, 7, 2]",360,0.0034372806549072266,1
simulated_annealing,10,"[5, 7, 2, 4, 8, 8, 0, 9, 6, 1]",1000,0.050126075744628906,1
genetic,10,"[0, 4, 1, 4, 2, 5, 8, 3, 0, 6]",1000,15.246097564697266,4
genetic2,10,"[5, 9, 5, 3, 9, 6, 5, 8, 0, 3]",999,13.739141941070557,8
hill_climbing,10,"[4, 6, 3, 0, 2, 8, 5, 9, 1, 9]",450,0.0040836334228515625,1
simulated_annealing,10,"[4, 7, 3, 6, 9, 2, 0, 5, 8, 1]",824,0.06687641143798828,0
genetic,10,"[5, 1, 8, 5, 0, 2, 7, 0, 9, 3]",1000,14.238698482513428,4
genetic2,10,"[4, 1, 7, 6, 4, 2, 8, 5, 3, 6]",999,13.519413709640503,5
hill_climbing,10,"[7, 5, 1, 9, 1, 8, 6, 3, 2, 0]",360,0.0031745433807373047,3
simulated_annealing,10,"[2, 7, 5, 0, 8, 1, 4, 6, 3, 9]",96,0.00449824333190918,0
genetic,10,"[5, 9, 6, 9, 0, 3, 8, 6, 7, 2]",1000,14.180436849594116,4
genetic2,10,"[1, 2, 6, 3, 7, 4, 8, 7, 5, 6]",999,13.687991857528687,6
hill_climbing,10,"[0, 7, 1, 5, 8, 6, 9, 2, 6, 1]",360,0.003178834915161133,3
simulated_annealing,10,"[3, 7, 2, 8, 5, 9, 0, 6, 4, 1]",254,0.01184844970703125,0
genetic,10,"[5, 9, 0, 4, 1, 8, 2, 7, 3, 3]",1000,14.223420143127441,2
genetic2,10,"[6, 8, 1, 3, 1, 7, 0, 9, 2, 4]",999,13.484877109527588,6
hill_climbing,10,"[3, 9, 4, 2, 0, 5, 1, 8, 0, 7]",450,0.0040323734283447266,2
simulated_annealing,10,"[4, 1, 8, 5, 7, 2, 0, 6, 9, 0]",1000,0.046442270278930664,1
genetic,10,"[5, 7, 0, 7, 3, 6, 8, 2, 4, 0]",1000,14.1797513961792,3
genetic2,10,"[2, 9, 5, 3, 5, 3, 0, 4, 4, 6]",999,13.488802909851074,5
hill_climbing,10,"[0, 9, 5, 2, 4, 7, 3, 8, 6, 2]",540,0.004797697067260742,2
simulated_annealing,10,"[6, 0, 2, 4, 9, 7, 3, 1, 3, 5]",1000,0.04673647880554199,1
genetic,10,"[2, 7, 7, 2, 9, 6, 1, 5, 8, 6]",1000,14.161391496658325,4
genetic2,10,"[7, 0, 0, 1, 4, 5, 0, 3, 5, 6]",999,13.434465885162354,8
hill_climbing,10,"[4, 6, 1, 5, 7, 0, 3, 8, 9, 2]",450,0.004148006439208984,2
simulated_annealing,10,"[9, 5, 1, 4, 0, 3, 8, 7, 2, 6]",1000,0.04683709144592285,1
genetic,10,"[4, 0, 8, 6, 7, 5, 0, 5, 9, 2]",1000,14.212888240814209,5
genetic2,10,"[8, 7, 2, 6, 5, 9, 6, 0, 3, 1]",999,13.675764083862305,4
hill_climbing,10,"[4, 1, 9, 3, 5, 8, 2, 0, 2, 6]",360,0.0031986236572265625,2
simulated_annealing,10,"[6, 8, 1, 5, 9, 0, 4, 7, 4, 2]",1000,0.04658174514770508,1
genetic,10,"[0, 5, 6, 1, 6, 2, 7, 2, 7, 8]",1000,14.208274126052856,5
genetic2,10,"[9, 4, 2, 9, 3, 6, 8, 0, 1, 0]",999,13.632563591003418,7
hill_climbing,10,"[2, 5, 7, 0, 8, 6, 4, 1, 3, 9]",450,0.004045248031616211,2
simulated_annealing,10,"[5, 1, 9, 4, 8, 3, 0, 2, 7, 1]",1000,0.046474456787109375,1
genetic,10,"[7, 1, 4, 5, 8, 0, 4, 6, 9, 0]",1000,14.23094391822815,3
genetic2,10,"[9, 4, 6, 4, 0, 1, 2, 7, 3, 8]",999,13.491193056106567,5
hill_climbing,10,"[6, 1, 5, 7, 9, 3, 8, 4, 2, 0]",540,0.0047795772552490234,1
simulated_annealing,10,"[2, 8, 1, 9, 4, 6, 0, 3, 5, 7]",417,0.019384384155273438,0
genetic,10,"[4, 1, 9, 2, 7, 3, 8, 0, 5, 6]",1000,14.220967054367065,2
genetic2,10,"[2, 4, 7, 2, 8, 5, 3, 3, 9, 8]",999,13.63625979423523,8
hill_climbing,10,"[2, 6, 1, 7, 5, 0, 9, 4, 8, 3]",540,0.004850864410400391,0
simulated_annealing,10,"[6, 3, 7, 4, 8, 0, 9, 6, 2, 5]",1000,0.04652118682861328,1
genetic,10,"[3, 7, 4, 8, 1, 9, 4, 2, 4, 9]",1000,14.248863220214844,4
genetic2,10,"[1, 8, 0, 4, 8, 5, 0, 2, 7, 9]",999,13.604036808013916,5
hill_climbing,10,"[6, 4, 0, 8, 5, 2, 7, 9, 3, 1]",450,0.00401759147644043,2
simulated_annealing,10,"[4, 7, 0, 6, 3, 5, 8, 1, 9, 2]",1000,0.04683995246887207,1
genetic,10,"[0, 5, 0, 1, 7, 2, 8, 4, 9, 3]",1000,14.259377479553223,4
genetic2,10,"[1, 9, 6, 6, 1, 8, 0, 6, 4, 2]",999,13.481985569000244,6
hill_climbing,10,"[5, 9, 1, 1, 4, 7, 3, 0, 9, 2]",360,0.003185272216796875,3
simulated_annealing,10,"[6, 8, 3, 0, 8, 5, 2, 9, 7, 4]",1000,0.046588897705078125,1
genetic,10,"[8, 4, 2, 0, 3, 6, 4, 0, 5, 1]",1000,14.220272779464722,5
genetic2,10,"[4, 2, 7, 4, 1, 1, 8, 6, 6, 0]",999,13.462323665618896,6
hill_climbing,10,"[4, 1, 5, 9, 2, 6, 8, 3, 7, 0]",450,0.004026651382446289,0
simulated_annealing,10,"[3, 5, 7, 9, 4, 0, 8, 0, 2, 6]",1000,0.04639291763305664,1
genetic,10,"[1, 6, 2, 0, 8, 7, 5, 1, 6, 4]",1000,14.259039640426636,3
genetic2,10,"[6, 4, 9, 4, 6, 7, 2, 0, 6, 3]",999,13.504289388656616,7
hill_climbing,10,"[5, 0, 6, 3, 7, 2, 8, 2, 9, 1]",450,0.004048347473144531,1
simulated_annealing,10,"[9, 5, 3, 8, 0, 2, 6, 1, 7, 4]",225,0.010459184646606445,0
genetic,10,"[0, 5, 9, 0, 2, 8, 4, 8, 1, 3]",1000,14.269335269927979,4
genetic2,10,"[2, 4, 1, 6, 4, 3, 6, 2, 5, 8]",999,13.532410144805908,8
hill_climbing,10,"[4, 0, 4, 8, 5, 3, 1, 7, 2, 6]",360,0.003244638442993164,1
simulated_annealing,10,"[6, 1, 5, 7, 9, 4, 2, 8, 0, 3]",1000,0.04645848274230957,1
genetic,10,"[7, 1, 8, 2, 6, 9, 0, 8, 3, 0]",1000,14.239246129989624,3
genetic2,10,"[3, 2, 0, 4, 0, 4, 5, 9, 4, 6]",999,13.509642362594604,8
hill_climbing,10,"[0, 3, 6, 8, 7, 4, 1, 5, 9, 1]",540,0.004685163497924805,2
simulated_annealing,10,"[5, 9, 1, 3, 0, 6, 8, 2, 4, 7]",1000,0.046936988830566406,1
genetic,10,"[5, 2, 6, 1, 7, 4, 1, 0, 8, 5]",1000,14.234012126922607,3
genetic2,10,"[1, 1, 7, 1, 5, 4, 8, 0, 2, 2]",999,13.632333993911743,9
hill_climbing,10,"[8, 2, 4, 1, 9, 0, 5, 7, 2, 6]",360,0.0031752586364746094,1
simulated_annealing,10,"[6, 2, 5, 7, 0, 3, 8, 4, 1, 9]",871,0.04065537452697754,0
genetic,10,"[5, 2, 6, 3, 9, 7, 9, 2, 6, 1]",1000,14.173282146453857,4
genetic2,10,"[5, 7, 3, 1, 8, 1, 6, 3, 3, 0]",999,13.637757778167725,7
hill_climbing,10,"[7, 3, 1, 8, 2, 9, 6, 8, 5, 0]",450,0.0039865970611572266,1
simulated_annealing,10,"[2, 6, 1, 7, 5, 0, 9, 4, 8, 3]",269,0.012571573257446289,0
genetic,10,"[7, 9, 0, 3, 1, 4, 9, 6, 3, 5]",1000,14.204338550567627,3
genetic2,10,"[5, 4, 9, 0, 5, 3, 0, 1, 4, 4]",999,13.52019214630127,8
hill_climbing,10,"[8, 0, 2, 4, 6, 9, 3, 5, 7, 1]",360,0.0032563209533691406,2
simulated_annealing,10,"[4, 0, 3, 8, 7, 5, 2, 9, 1, 6]",1000,0.04683947563171387,1
genetic,10,"[5, 8, 4, 7, 0, 9, 1, 1, 9, 3]",1000,14.205904483795166,4
genetic2,10,"[5, 2, 5, 9, 1, 5, 9, 7, 8, 0]",999,13.692211389541626,9
hill_climbing,10,"[6, 2, 9, 5, 1, 8, 4, 0, 7, 3]",450,0.003988504409790039,0
simulated_annealing,10,"[7, 4, 2, 0, 6, 9, 5, 8, 1, 3]",483,0.022639036178588867,0
genetic,10,"[8, 3, 7, 7, 1, 8, 0, 5, 3, 2]",1000,14.230959177017212,4
genetic2,10,"[6, 9, 6, 1, 4, 1, 8, 6, 7, 4]",999,13.55077314376831,9
hill_climbing,10,"[5, 7, 0, 4, 8, 1, 9, 6, 3, 1]",540,0.00482630729675293,1
simulated_annealing,10,"[3, 0, 7, 1, 8, 6, 2, 9, 5, 9]",1000,0.04719257354736328,1
genetic,10,"[1, 6, 0, 9, 8, 4, 0, 3, 3, 4]",1000,14.228761672973633,5
genetic2,10,"[6, 3, 4, 4, 8, 4, 2, 7, 6, 1]",999,13.66854190826416,7
hill_climbing,10,"[8, 6, 9, 3, 1, 4, 7, 5, 2, 0]",450,0.003951311111450195,1
simulated_annealing,10,"[8, 3, 5, 2, 0, 9, 6, 4, 1, 7]",1000,0.04712319374084473,1
genetic,10,"[2, 7, 1, 4, 5, 0, 0, 3, 6, 3]",1000,14.218953847885132,4
genetic2,10,"[4, 9, 0, 0, 5, 3, 9, 1, 7, 8]",999,13.550858497619629,6
hill_climbing,10,"[9, 3, 8, 4, 4, 0, 5, 5, 1, 6]",360,0.0031003952026367188,3
simulated_annealing,10,"[3, 0, 7, 9, 1, 5, 2, 8, 6, 4]",981,0.04558134078979492,0
genetic,10,"[3, 1, 3, 2, 9, 6, 4, 0, 0, 5]",1000,14.206356763839722,4
genetic2,10,"[2, 7, 3, 6, 7, 1, 4, 4, 7, 4]",999,13.51938533782959,8
hill_climbing,10,"[4, 0, 8, 3, 5, 3, 1, 9, 7, 2]",450,0.0040740966796875,2
simulated_annealing,10,"[2, 8, 5, 1, 9, 6, 4, 7, 0, 3]",1000,0.046678781509399414,1
genetic,10,"[8, 3, 7, 0, 4, 9, 5, 5, 3, 1]",1000,14.143571853637695,4
genetic2,10,"[9, 2, 7, 9, 4, 1, 4, 8, 5, 4]",999,13.487531661987305,7
hill_climbing,10,"[7, 2, 8, 5, 1, 4, 0, 6, 3, 9]",450,0.004050493240356445,1
simulated_annealing,10,"[2, 6, 1, 3, 7, 9, 4, 8, 5, 0]",364,0.016925334930419922,0
genetic,10,"[6, 2, 9, 1, 4, 7, 9, 3, 3, 0]",1000,14.128947973251343,3
genetic2,10,"[9, 5, 2, 7, 4, 8, 4, 4, 9, 3]",999,13.42191457748413,7
hill_climbing,10,"[2, 5, 9, 4, 1, 8, 6, 3, 7, 0]",630,0.0054361820220947266,0
simulated_annealing,10,"[2, 5, 8, 6, 1, 3, 0, 7, 9, 4]",1000,0.04645252227783203,1
genetic,10,"[0, 4, 7, 1, 5, 9, 7, 3, 0, 8]",1000,14.20256519317627,4
genetic2,10,"[1, 7, 4, 8, 1, 3, 6, 0, 0, 6]",999,13.666388750076294,7
hill_climbing,12,"[7, 5, 10, 0, 6, 1, 11, 8, 3, 9, 4, 2]",792,0.010043621063232422,1
simulated_annealing,12,"[9, 3, 6, 2, 10, 5, 11, 0, 4, 7, 1, 8]",734,0.04913520812988281,0
genetic,12,"[7, 0, 6, 8, 5, 1, 9, 0, 10, 9, 11, 2]",1000,15.090362787246704,5
genetic2,12,"[8, 6, 8, 9, 2, 0, 5, 7, 10, 9, 7, 3]",999,14.311699390411377,7
hill_climbing,12,"[11, 3, 0, 9, 4, 2, 7, 10, 1, 5, 8, 10]",792,0.010083436965942383,2
simulated_annealing,12,"[6, 3, 1, 10, 8, 0, 2, 5, 11, 9, 7, 4]",1000,0.06703066825866699,1
genetic,12,"[0, 2, 5, 5, 0, 6, 3, 9, 8, 1, 4, 10]",1000,15.059327363967896,6
genetic2,12,"[10, 5, 11, 4, 2, 6, 1, 6, 7, 3, 4, 8]",999,14.256145477294922,8
hill_climbing,12,"[8, 2, 9, 4, 0, 7, 10, 3, 1, 6, 10, 6]",792,0.010134696960449219,4
simulated_annealing,12,"[3, 1, 4, 11, 9, 6, 10, 0, 2, 8, 5, 7]",600,0.04015517234802246,0
genetic,12,"[10, 3, 3, 9, 8, 1, 11, 2, 11, 9, 7, 4]",1000,15.080006837844849,5
genetic2,12,"[4, 10, 5, 8, 6, 4, 1, 11, 9, 6, 2, 9]",999,14.261273860931396,6
hill_climbing,12,"[3, 1, 8, 5, 1, 6, 11, 0, 4, 0, 9, 9]",660,0.008205890655517578,3
simulated_annealing,12,"[5, 1, 6, 0, 10, 7, 9, 3, 1, 8, 11, 2]",1000,0.06680798530578613,1
genetic,12,"[5, 4, 0, 5, 11, 8, 3, 7, 2, 2, 6, 3]",1000,15.099420547485352,6
genetic2,12,"[1, 9, 3, 4, 7, 7, 2, 4, 6, 6, 10, 6]",999,14.527270078659058,10
hill_climbing,12,"[0, 7, 5, 1, 6, 1, 3, 11, 9, 2, 4, 10]",924,0.011888504028320312,1
simulated_annealing,12,"[0, 8, 3, 5, 6, 2, 9, 11, 4, 7, 1, 10]",1000,0.06746172904968262,1
genetic,12,"[11, 8, 5, 3, 1, 3, 11, 9, 10, 1, 0, 4]",1000,15.12669062614441,5
genetic2,12,"[4, 4, 11, 9, 3, 10, 8, 6, 8, 2, 8, 2]",999,14.321106195449829,9
hill_climbing,12,"[5, 1, 4, 9, 11, 6, 10, 3, 0, 8, 4, 2]",792,0.009921550750732422,1
simulated_annealing,12,"[5, 9, 6, 1, 7, 11, 3, 0, 10, 8, 4, 2]",468,0.031156301498413086,0
genetic,12,"[4, 11, 10, 3, 7, 9, 8, 6, 2, 6, 1, 5]",1000,15.12264370918274,6
genetic2,12,"[6, 9, 6, 9, 11, 2, 6, 11, 9, 7, 4, 8]",999,14.324336528778076,11
hill_climbing,12,"[3, 9, 0, 4, 10, 7, 11, 1, 1, 8, 5, 2]",792,0.010095357894897461,2
simulated_annealing,12,"[0, 6, 8, 5, 1, 1, 10, 2, 6, 3, 9, 4]",1000,0.06676554679870605,2
genetic,12,"[6, 2, 11, 10, 7, 11, 1, 5, 2, 0, 8, 4]",1000,15.081340312957764,5
genetic2,12,"[1, 8, 2, 3, 11, 7, 10, 6, 0, 11, 6, 3]",999,14.425231218338013,8
hill_climbing,12,"[6, 2, 0, 5, 9, 5, 10, 4, 1, 8, 11, 3]",660,0.008342266082763672,2
simulated_annealing,12,"[3, 9, 6, 4, 1, 11, 0, 7, 10, 8, 5, 2]",587,0.039238691329956055,0
genetic,12,"[11, 1, 6, 2, 0, 10, 4, 0, 9, 4, 10, 8]",1000,15.125429391860962,4
genetic2,12,"[3, 0, 9, 9, 9, 6, 1, 8, 1, 11, 10, 11]",999,14.302697896957397,9
hill_climbing,12,"[1, 9, 4, 10, 3, 11, 11, 7, 3, 6, 2, 7]",528,0.006680488586425781,3
simulated_annealing,12,"[11, 2, 8, 6, 3, 7, 10, 1, 5, 9, 0, 4]",1000,0.0666966438293457,1
genetic,12,"[0, 6, 1, 11, 0, 3, 10, 8, 9, 1, 3, 5]",1000,15.14736795425415,5
genetic2,12,"[7, 4, 10, 8, 4, 2, 9, 2, 1, 5, 5, 5]",999,14.293358087539673,10
hill_climbing,12,"[1, 10, 8, 3, 9, 2, 9, 11, 0, 7, 4, 6]",792,0.00998234748840332,1
simulated_annealing,12,"[9, 2, 5, 7, 10, 3, 0, 6, 4, 11, 1, 8]",474,0.031743764877319336,0
genetic,12,"[5, 9, 10, 4, 0, 8, 7, 2, 10, 8, 4, 11]",1000,15.098869562149048,6
genetic2,12,"[8, 8, 10, 6, 2, 1, 7, 4, 6, 1, 9, 11]",999,14.319139242172241,7
hill_climbing,12,"[7, 11, 0, 3, 6, 9, 2, 10, 1, 4, 5, 8]",792,0.009793281555175781,1
simulated_annealing,12,"[4, 7, 1, 3, 11, 0, 8, 5, 2, 10, 6, 2]",1000,0.0672309398651123,1
genetic,12,"[7, 6, 8, 0, 4, 1, 7, 5, 11, 1, 3, 10]",1000,15.15711522102356,5
genetic2,12,"[4, 2, 1, 3, 6, 9, 5, 5, 0, 7, 10, 11]",999,14.52707052230835,8
hill_climbing,12,"[6, 3, 7, 0, 4, 9, 5, 0, 2, 10, 8, 1]",924,0.011562347412109375,1
simulated_annealing,12,"[3, 5, 10, 8, 0, 2, 7, 1, 6, 11, 9, 4]",205,0.013847589492797852,0
genetic,12,"[6, 1, 10, 5, 11, 9, 11, 9, 2, 4, 3, 10]",1000,15.143171548843384,5
genetic2,12,"[1, 10, 2, 2, 6, 8, 1, 5, 11, 2, 4, 2]",999,14.44175124168396,10
hill_climbing,12,"[2, 4, 7, 11, 3, 1, 6, 9, 5, 10, 8, 0]",660,0.008339643478393555,1
simulated_annealing,12,"[4, 0, 3, 9, 7, 5, 11, 1, 10, 6, 6, 2]",1000,0.06685471534729004,1
genetic,12,"[2, 7, 1, 10, 0, 6, 11, 9, 1, 5, 4, 6]",1000,15.138327836990356,6
genetic2,12,"[9, 10, 5, 2, 11, 5, 7, 11, 8, 5, 4, 6]",999,14.318942785263062,7
hill_climbing,12,"[2, 10, 5, 11, 0, 3, 6, 8, 1, 8, 0, 2]",792,0.009823799133300781,3
simulated_annealing,12,"[2, 9, 6, 3, 7, 11, 1, 8, 5, 0, 4, 10]",350,0.023256301879882812,0
genetic,12,"[7, 9, 4, 2, 10, 1, 7, 10, 0, 11, 8, 8]",1000,15.143128871917725,5
genetic2,12,"[3, 5, 11, 6, 7, 7, 4, 4, 1, 10, 5, 1]",999,14.323426723480225,10
hill_climbing,12,"[3, 9, 0, 10, 5, 1, 6, 11, 7, 2, 4, 8]",1056,0.013023853302001953,0
simulated_annealing,12,"[3, 6, 9, 1, 8, 0, 2, 8, 5, 11, 4, 10]",1000,0.06739997863769531,1
genetic,12,"[0, 6, 1, 6, 0, 11, 4, 4, 6, 3, 5, 7]",1000,15.07702350616455,7
genetic2,12,"[6, 6, 7, 3, 1, 4, 7, 8, 2, 9, 1, 0]",999,14.291034698486328,9
hill_climbing,12,"[4, 9, 11, 6, 1, 2, 0, 3, 7, 10, 8, 11]",792,0.009949922561645508,3
simulated_annealing,12,"[1, 6, 10, 3, 11, 8, 4, 9, 0, 2, 9, 7]",1000,0.06673121452331543,1
genetic,12,"[6, 0, 9, 3, 0, 8, 6, 2, 10, 1, 5, 5]",1000,15.128288269042969,6
genetic2,12,"[1, 5, 8, 1, 11, 7, 9, 6, 10, 4, 9, 3]",999,14.446287870407104,6
hill_climbing,12,"[7, 2, 11, 5, 10, 9, 6, 3, 1, 8, 5, 0]",528,0.006558418273925781,2
simulated_annealing,12,"[5, 8, 4, 1, 10, 2, 9, 6, 0, 3, 11, 7]",786,0.052463531494140625,0
genetic,12,"[7, 10, 3, 6, 8, 4, 1, 9, 2, 5, 0, 9]",1000,15.107471227645874,4
genetic2,12,"[0, 10, 7, 2, 10, 3, 10, 9, 4, 6, 2, 3]",999,14.360801935195923,9
hill_climbing,12,"[0, 10, 3, 1, 6, 9, 2, 5, 11, 8, 4, 2]",792,0.00975656509399414,3
simulated_annealing,12,"[1, 8, 2, 5, 9, 1, 4, 0, 11, 3, 7, 10]",1000,0.06696128845214844,1
genetic,12,"[4, 1, 8, 6, 9, 7, 0, 11, 1, 6, 1, 3]",1000,15.07869839668274,6
genetic2,12,"[5, 1, 5, 10, 5, 1, 4, 9, 3, 5, 11, 2]",999,14.302310228347778,10
hill_climbing,12,"[11, 7, 3, 1, 8, 5, 0, 2, 9, 4, 6, 10]",660,0.008196592330932617,2
simulated_annealing,12,"[11, 7, 3, 0, 8, 5, 0, 10, 1, 4, 6, 9]",1000,0.06682538986206055,1
genetic,12,"[6, 2, 0, 8, 3, 4, 7, 10, 11, 1, 10, 5]",1000,15.083738088607788,4
genetic2,12,"[11, 5, 1, 0, 5, 7, 0, 4, 8, 0, 2, 6]",999,14.510300397872925,10
hill_climbing,12,"[8, 5, 3, 0, 6, 10, 1, 7, 4, 2, 9, 2]",924,0.011615514755249023,1
simulated_annealing,12,"[6, 2, 10, 1, 4, 8, 11, 3, 10, 0, 9, 5]",1000,0.06696271896362305,1
genetic,12,"[10, 4, 0, 7, 5, 1, 3, 4, 8, 8, 9, 2]",1000,15.12807011604309,6
genetic2,12,"[9, 0, 10, 4, 9, 1, 9, 9, 2, 10, 5, 6]",999,14.244823694229126,10
hill_climbing,12,"[9, 1, 4, 11, 8, 3, 1, 10, 7, 2, 6, 0]",792,0.009971380233764648,2
simulated_annealing,12,"[3, 5, 11, 0, 10, 6, 4, 9, 1, 8, 2, 7]",1000,0.06686282157897949,1
genetic,12,"[1, 4, 1, 1, 11, 9, 0, 11, 3, 0, 2, 8]",1000,15.101040363311768,6
genetic2,12,"[9, 6, 8, 6, 2, 8, 10, 2, 10, 3, 11, 0]",999,14.366020679473877,8
hill_climbing,12,"[5, 2, 0, 3, 8, 4, 9, 10, 0, 11, 1, 7]",660,0.008372068405151367,2
simulated_annealing,12,"[5, 9, 1, 10, 0, 6, 8, 2, 11, 3, 7, 4]",779,0.05247378349304199,0
genetic,12,"[2, 5, 2, 6, 10, 10, 0, 3, 3, 6, 9, 1]",1000,15.068153619766235,6
genetic2,12,"[10, 2, 1, 2, 8, 3, 1, 9, 5, 0, 4, 2]",999,14.271634340286255,8
hill_climbing,12,"[4, 1, 8, 2, 9, 6, 3, 10, 0, 11, 5, 7]",924,0.011799335479736328,0
simulated_annealing,12,"[2, 7, 9, 11, 3, 1, 10, 8, 5, 3, 0, 6]",1000,0.06697344779968262,1
genetic,12,"[3, 11, 8, 4, 2, 0, 7, 5, 10, 1, 6, 2]",1000,15.072041273117065,6
genetic2,12,"[11, 1, 4, 10, 8, 4, 2, 0, 7, 10, 7, 5]",999,14.277211904525757,4
hill_climbing,12,"[10, 6, 11, 1, 5, 1, 9, 7, 3, 0, 2, 8]",660,0.00824117660522461,2
simulated_annealing,12,"[7, 3, 1, 8, 2, 11, 9, 3, 5, 10, 4, 6]",1000,0.06780362129211426,1
genetic,12,"[7, 0, 11, 9, 5, 0, 2, 3, 3, 2, 8, 11]",1000,15.092496156692505,7
genetic2,12,"[5, 5, 11, 7, 1, 10, 9, 7, 1, 3, 9, 3]",999,14.300294876098633,10
hill_climbing,12,"[5, 1, 11, 6, 0, 7, 2, 4, 9, 1, 8, 10]",660,0.008423566818237305,2
simulated_annealing,12,"[4, 8, 1, 9, 7, 0, 11, 3, 6, 10, 5, 2]",1000,0.06757450103759766,1
genetic,12,"[10, 3, 10, 2, 5, 1, 7, 11, 8, 6, 10, 0]",1000,15.121468305587769,5
genetic2,12,"[10, 5, 7, 5, 11, 6, 3, 4, 6, 10, 2, 7]",999,14.389385223388672,8
hill_climbing,12,"[6, 8, 10, 5, 1, 9, 5, 0, 2, 4, 11, 7]",792,0.009972095489501953,1
simulated_annealing,12,"[7, 9, 11, 2, 8, 6, 3, 9, 0, 5, 10, 4]",1000,0.06671833992004395,1
genetic,12,"[5, 4, 8, 11, 0, 3, 10, 4, 5, 3, 9, 6]",1000,15.082325458526611,5
genetic2,12,"[0, 4, 10, 0, 2, 5, 5, 1, 9, 11, 5, 6]",999,14.314824104309082,7
hill_climbing,12,"[1, 3, 5, 8, 11, 9, 6, 2, 0, 7, 0, 10]",924,0.01167440414428711,1
simulated_annealing,12,"[8, 5, 11, 2, 6, 10, 3, 0, 9, 7, 4, 1]",672,0.04476356506347656,0
genetic,12,"[5, 7, 0, 4, 11, 1, 5, 2, 10, 1, 9, 8]",1000,15.090471029281616,4
genetic2,12,"[7, 7, 0, 3, 11, 2, 5, 2, 1, 10, 0, 3]",999,14.281045198440552,7
hill_climbing,12,"[0, 8, 5, 9, 1, 10, 4, 11, 7, 2, 6, 3]",792,0.00996708869934082,1
simulated_annealing,12,"[5, 7, 6, 4, 11, 1, 8, 10, 2, 0, 3, 9]",1000,0.06726431846618652,1
genetic,12,"[2, 11, 7, 2, 9, 5, 1, 10, 6, 7, 8, 0]",1000,15.080312490463257,6
genetic2,12,"[1, 4, 2, 9, 0, 7, 5, 7, 2, 8, 3, 8]",999,14.379496812820435,7
hill_climbing,12,"[1, 9, 4, 10, 10, 3, 5, 11, 8, 0, 2, 6]",1056,0.013245582580566406,1
simulated_annealing,12,"[8, 6, 4, 1, 11, 9, 7, 10, 3, 0, 2, 5]",277,0.01851487159729004,0
genetic,12,"[3, 7, 9, 4, 6, 1, 6, 8, 0, 8, 10, 2]",1000,15.270517349243164,5
genetic2,12,"[2, 3, 2, 0, 7, 5, 0, 6, 9, 8, 1, 8]",999,14.52426552772522,10
hill_climbing,12,"[6, 0, 7, 10, 8, 5, 2, 1, 3, 11, 11, 4]",792,0.009988784790039062,2
simulated_annealing,12,"[8, 3, 9, 2, 10, 1, 6, 11, 5, 7, 0, 4]",733,0.049417734146118164,0
genetic,12,"[1, 8, 1, 3, 0, 9, 11, 9, 7, 4, 2, 10]",1000,15.136740446090698,5
genetic2,12,"[7, 10, 4, 1, 1, 9, 10, 11, 4, 0, 4, 6]",999,14.32233715057373,9
hill_climbing,15,"[0, 9, 13, 10, 1, 4, 8, 11, 12, 7, 6, 14, 2, 14, 3]",1050,0.02077460289001465,4
simulated_annealing,15,"[7, 1, 1, 12, 9, 13, 10, 3, 14, 2, 4, 8, 0, 11, 6]",1000,0.10573434829711914,1
genetic,15,"[4, 11, 7, 10, 3, 12, 4, 13, 5, 10, 13, 9, 6, 1, 8]",1000,16.720141887664795,8
genetic2,15,"[12, 4, 2, 11, 12, 10, 7, 3, 0, 11, 5, 9, 9, 10, 2]",999,15.823341131210327,10
hill_climbing,15,"[13, 9, 6, 14, 5, 2, 0, 8, 10, 4, 1, 7, 11, 3, 12]",1050,0.020501136779785156,3
simulated_annealing,15,"[6, 6, 10, 5, 14, 12, 9, 4, 2, 7, 3, 11, 13, 8, 0]",1000,0.10522103309631348,1
genetic,15,"[1, 11, 13, 12, 7, 0, 3, 6, 8, 9, 13, 13, 2, 14, 6]",1000,16.734069108963013,8
genetic2,15,"[6, 2, 1, 12, 11, 13, 10, 2, 5, 11, 0, 10, 12, 14, 6]",999,15.84407377243042,10
hill_climbing,15,"[7, 13, 6, 12, 5, 11, 14, 4, 10, 1, 9, 2, 0, 8, 14]",1050,0.020303726196289062,1
simulated_annealing,15,"[11, 6, 12, 1, 8, 8, 13, 3, 0, 9, 7, 5, 14, 2, 13]",1000,0.10532617568969727,2
genetic,15,"[10, 7, 0, 7, 12, 10, 6, 14, 4, 2, 13, 8, 5, 4, 6]",1000,16.6843364238739,8
genetic2,15,"[13, 8, 13, 6, 0, 7, 10, 4, 12, 8, 11, 5, 10, 4, 3]",999,15.806338787078857,10
hill_climbing,15,"[2, 11, 13, 8, 1, 9, 0, 6, 14, 1, 10, 12, 3, 6, 4]",1050,0.02034306526184082,3
simulated_annealing,15,"[7, 5, 0, 14, 12, 8, 2, 4, 10, 0, 9, 11, 13, 1, 6]",1000,0.10536813735961914,1
genetic,15,"[8, 1, 8, 13, 11, 6, 1, 5, 12, 2, 7, 10, 3, 8, 0]",1000,16.676804065704346,8
genetic2,15,"[10, 9, 2, 8, 11, 2, 1, 1, 6, 3, 12, 14, 12, 5, 7]",999,15.837456464767456,7
hill_climbing,15,"[2, 6, 11, 7, 14, 3, 3, 13, 8, 10, 0, 10, 12, 9, 1]",1050,0.02030158042907715,4
simulated_annealing,15,"[8, 3, 5, 12, 1, 6, 11, 14, 2, 7, 9, 4, 0, 13, 10]",1000,0.10575723648071289,1
genetic,15,"[4, 4, 9, 0, 0, 11, 3, 1, 14, 4, 13, 13, 2, 2, 5]",1000,16.773448705673218,10
genetic2,15,"[8, 12, 2, 12, 1, 2, 0, 10, 10, 7, 8, 10, 13, 4, 9]",999,15.923296451568604,10
hill_climbing,15,"[3, 1, 9, 11, 2, 7, 7, 13, 0, 6, 14, 5, 5, 8, 13]",1050,0.021059751510620117,3
simulated_annealing,15,"[11, 9, 7, 3, 0, 14, 12, 8, 6, 4, 2, 13, 5, 10, 13]",1000,0.10599756240844727,1
genetic,15,"[1, 13, 7, 8, 12, 2, 8, 14, 2, 6, 3, 6, 0, 5, 4]",1000,16.762457132339478,7
genetic2,15,"[13, 2, 2, 14, 1, 2, 12, 9, 6, 0, 6, 10, 14, 3, 13]",999,16.025718212127686,12
hill_climbing,15,"[10, 0, 6, 3, 12, 2, 9, 5, 1, 8, 11, 13, 6, 3, 0]",1050,0.020713329315185547,5
simulated_annealing,15,"[6, 8, 10, 13, 0, 2, 4, 1, 7, 11, 3, 14, 12, 5, 9]",314,0.03367948532104492,0
genetic,15,"[0, 7, 12, 1, 11, 7, 10, 4, 14, 5, 0, 4, 8, 12, 14]",1000,16.827500820159912,10
genetic2,15,"[7, 13, 7, 0, 9, 14, 7, 10, 10, 13, 3, 5, 10, 12, 6]",999,15.855492115020752,12
hill_climbing,15,"[14, 5, 1, 1, 6, 11, 2, 8, 13, 12, 3, 0, 12, 4, 9]",1050,0.02078843116760254,3
simulated_annealing,15,"[5, 12, 9, 7, 3, 14, 2, 10, 1, 6, 11, 13, 4, 13, 0]",1000,0.10480308532714844,1
genetic,15,"[9, 0, 10, 7, 10, 6, 13, 0, 11, 11, 12, 2, 9, 3, 8]",1000,16.73245859146118,7
genetic2,15,"[5, 14, 1, 14, 3, 6, 3, 13, 10, 4, 2, 11, 10, 0, 14]",999,15.85208773612976,9
hill_climbing,15,"[4, 4, 8, 14, 11, 3, 6, 1, 13, 10, 3, 0, 2, 12, 9]",1050,0.020985126495361328,3
simulated_annealing,15,"[14, 5, 2, 10, 3, 0, 12, 9, 4, 1, 13, 8, 3, 11, 7]",1000,0.10494709014892578,1
genetic,15,"[10, 8, 7, 2, 10, 1, 10, 0, 12, 6, 4, 11, 0, 11, 3]",1000,16.7780339717865,8
genetic2,15,"[3, 8, 11, 5, 14, 9, 11, 2, 11, 6, 13, 4, 1, 13, 2]",999,15.816112995147705,11
hill_climbing,15,"[12, 5, 1, 14, 7, 2, 8, 13, 8, 10, 11, 4, 6, 9, 9]",1050,0.020885467529296875,3
simulated_annealing,15,"[10, 7, 9, 3, 12, 14, 11, 5, 1, 13, 13, 2, 6, 8, 0]",1000,0.1045997142791748,1
genetic,15,"[5, 1, 14, 10, 12, 14, 2, 4, 6, 0, 13, 13, 9, 7, 11]",1000,16.759883880615234,6
genetic2,15,"[8, 13, 2, 3, 7, 7, 12, 10, 14, 6, 8, 12, 9, 9, 0]",999,15.943483591079712,11
hill_climbing,15,"[12, 14, 3, 5, 0, 11, 4, 10, 13, 0, 2, 8, 1, 7, 9]",1050,0.02063608169555664,2
simulated_annealing,15,"[4, 1, 3, 9, 11, 13, 5, 0, 2, 11, 6, 14, 7, 10, 12]",1000,0.10506916046142578,1
genetic,15,"[7, 10, 4, 11, 1, 1, 4, 8, 0, 2, 13, 5, 13, 8, 2]",1000,16.797910690307617,9
genetic2,15,"[11, 2, 4, 13, 10, 0, 7, 6, 13, 6, 9, 3, 0, 4, 5]",999,15.96694016456604,10
hill_climbing,15,"[7, 5, 14, 1, 10, 4, 11, 8, 0, 3, 3, 0, 13, 9, 14]",1050,0.020786285400390625,4
simulated_annealing,15,"[10, 12, 4, 11, 0, 2, 5, 1, 14, 9, 14, 6, 13, 3, 7]",1000,0.10521960258483887,1
genetic,15,"[8, 11, 9, 7, 10, 14, 0, 5, 13, 11, 12, 10, 3, 13, 4]",1000,16.777200937271118,6
genetic2,15,"[5, 11, 13, 3, 10, 3, 8, 1, 7, 4, 14, 13, 9, 4, 9]",999,15.970344543457031,10
hill_climbing,15,"[0, 8, 6, 4, 7, 3, 14, 13, 10, 1, 9, 12, 5, 1, 11]",1050,0.020930051803588867,4
simulated_annealing,15,"[13, 7, 2, 12, 6, 0, 5, 10, 1, 3, 14, 12, 4, 9, 11]",1000,0.10459661483764648,1
genetic,15,"[10, 7, 9, 0, 13, 3, 8, 2, 11, 14, 10, 12, 1, 9, 13]",1000,16.84449553489685,5
genetic2,15,"[4, 0, 10, 9, 14, 12, 7, 9, 6, 13, 1, 3, 2, 4, 3]",999,15.866760015487671,12
hill_climbing,15,"[1, 11, 5, 3, 9, 0, 4, 4, 14, 5, 7, 10, 6, 2, 13]",1050,0.02071690559387207,4
simulated_annealing,15,"[9, 3, 6, 4, 2, 11, 14, 10, 13, 5, 1, 8, 0, 12, 9]",1000,0.10504841804504395,1
genetic,15,"[7, 3, 8, 12, 9, 9, 0, 3, 1, 10, 2, 5, 6, 9, 12]",1000,16.81620168685913,10
genetic2,15,"[14, 14, 11, 3, 11, 3, 2, 1, 13, 8, 2, 0, 5, 10, 5]",999,15.913935899734497,10
hill_climbing,15,"[5, 8, 6, 14, 6, 13, 1, 7, 11, 12, 3, 9, 0, 2, 10]",1050,0.02070903778076172,2
simulated_annealing,15,"[6, 2, 7, 11, 8, 0, 13, 1, 5, 12, 10, 4, 14, 9, 3]",979,0.10325360298156738,0
genetic,15,"[9, 10, 14, 4, 8, 0, 2, 13, 11, 8, 12, 6, 1, 3, 7]",1000,16.84325933456421,5
genetic2,15,"[12, 0, 3, 3, 13, 7, 8, 4, 9, 7, 5, 0, 8, 9, 5]",999,15.853113651275635,12
hill_climbing,15,"[6, 2, 11, 13, 4, 0, 14, 12, 6, 8, 5, 1, 9, 9, 10]",1050,0.020654678344726562,4
simulated_annealing,15,"[8, 3, 11, 6, 2, 9, 12, 0, 4, 1, 1, 5, 7, 10, 13]",1000,0.10592055320739746,1
genetic,15,"[12, 8, 7, 4, 3, 0, 10, 6, 11, 5, 13, 14, 6, 9, 1]",1000,16.655405282974243,8
genetic2,15,"[12, 13, 11, 0, 6, 0, 10, 8, 4, 7, 5, 10, 2, 5, 8]",999,15.77642560005188,10
hill_climbing,15,"[10, 4, 7, 14, 11, 3, 1, 5, 8, 2, 12, 7, 9, 0, 13]",1050,0.020777463912963867,2
simulated_annealing,15,"[5, 3, 12, 9, 4, 2, 13, 10, 7, 1, 6, 0, 13, 11, 8]",1000,0.10426545143127441,1
genetic,15,"[6, 0, 10, 8, 4, 2, 9, 5, 6, 8, 11, 7, 12, 7, 11]",1000,16.648070812225342,9
genetic2,15,"[13, 1, 14, 7, 14, 1, 5, 13, 6, 1, 12, 12, 0, 6, 6]",999,15.795631885528564,12
hill_climbing,15,"[2, 4, 13, 9, 5, 10, 3, 0, 12, 8, 1, 14, 6, 11, 9]",1050,0.0206754207611084,4
simulated_annealing,15,"[5, 14, 9, 7, 2, 2, 8, 10, 0, 3, 6, 11, 1, 12, 4]",1000,0.10434627532958984,1
genetic,15,"[3, 12, 14, 4, 1, 7, 0, 13, 9, 5, 9, 14, 6, 10, 4]",1000,16.70155930519104,8
genetic2,15,"[11, 14, 3, 13, 10, 9, 13, 10, 4, 6, 1, 2, 5, 5, 12]",999,15.839385747909546,8
hill_climbing,15,"[7, 5, 13, 9, 0, 2, 7, 1, 3, 14, 8, 10, 12, 4, 6]",1050,0.02067422866821289,2
simulated_annealing,15,"[6, 8, 3, 1, 12, 14, 9, 7, 4, 11, 0, 2, 5, 10, 13]",802,0.08428621292114258,0
genetic,15,"[4, 8, 11, 10, 12, 1, 1, 8, 13, 3, 0, 9, 11, 6, 13]",1000,16.695605278015137,7
genetic2,15,"[5, 9, 0, 3, 13, 4, 2, 12, 12, 7, 1, 3, 14, 1, 0]",999,15.903661012649536,9
hill_climbing,15,"[7, 10, 14, 3, 5, 8, 11, 2, 0, 6, 4, 1, 12, 9, 13]",1050,0.020519256591796875,2
simulated_annealing,15,"[9, 4, 1, 3, 7, 13, 10, 5, 0, 14, 12, 2, 8, 6, 11]",1000,0.10495424270629883,1
genetic,15,"[9, 4, 1, 11, 2, 6, 13, 0, 3, 5, 10, 7, 7, 5, 11]",1000,16.6472225189209,9
genetic2,15,"[10, 13, 2, 4, 8, 10, 12, 1, 3, 9, 12, 2, 5, 9, 11]",999,15.778166770935059,7
hill_climbing,15,"[5, 2, 8, 1, 12, 7, 9, 0, 14, 4, 14, 10, 6, 4, 0]",1050,0.020029067993164062,4
simulated_annealing,15,"[2, 5, 13, 11, 3, 8, 2, 14, 1, 7, 10, 0, 6, 4, 9]",1000,0.10436367988586426,1
genetic,15,"[6, 8, 6, 2, 9, 4, 11, 0, 5, 12, 1, 3, 12, 7, 14]",1000,16.69050884246826,7
genetic2,15,"[8, 2, 1, 14, 0, 0, 11, 2, 11, 12, 14, 4, 6, 13, 1]",999,15.822960615158081,10
hill_climbing,15,"[9, 6, 4, 13, 10, 8, 2, 14, 10, 1, 5, 12, 0, 6, 8]",1050,0.020354270935058594,4
simulated_annealing,15,"[9, 4, 12, 1, 11, 7, 5, 3, 0, 13, 10, 8, 6, 14, 2]",562,0.05886483192443848,0
genetic,15,"[10, 6, 9, 3, 0, 4, 7, 0, 14, 13, 2, 7, 4, 11, 13]",1000,16.700465202331543,9
genetic2,15,"[1, 4, 9, 4, 6, 11, 3, 5, 7, 9, 1, 0, 10, 6, 9]",999,15.848779201507568,11
hill_climbing,15,"[1, 10, 0, 3, 6, 12, 14, 2, 4, 13, 9, 8, 3, 5, 7]",1050,0.02039957046508789,2
simulated_annealing,15,"[9, 13, 5, 10, 1, 1, 4, 8, 14, 11, 2, 0, 7, 12, 4]",1000,0.10403800010681152,2
genetic,15,"[3, 12, 4, 13, 12, 14, 6, 1, 7, 0, 11, 6, 1, 1, 9]",1000,16.73626136779785,8
genetic2,15,"[4, 7, 10, 6, 1, 5, 3, 3, 6, 11, 13, 5, 13, 11, 2]",999,15.894831895828247,11
hill_climbing,15,"[9, 3, 13, 4, 7, 12, 10, 2, 14, 5, 8, 1, 11, 0, 6]",1050,0.020530223846435547,1
simulated_annealing,15,"[12, 2, 8, 1, 11, 13, 10, 0, 5, 11, 4, 14, 7, 9, 3]",1000,0.10497450828552246,1
genetic,15,"[12, 4, 1, 14, 5, 13, 11, 0, 0, 3, 9, 14, 1, 8, 6]",1000,16.74368691444397,8
genetic2,15,"[11, 9, 3, 5, 14, 7, 0, 10, 6, 9, 10, 8, 5, 3, 6]",999,15.848606586456299,10
hill_climbing,15,"[14, 6, 4, 1, 10, 13, 5, 8, 0, 12, 3, 11, 0, 7, 9]",1050,0.020445823669433594,2
simulated_annealing,15,"[6, 1, 9, 14, 8, 2, 4, 12, 10, 5, 13, 11, 3, 0, 7]",1000,0.10367631912231445,1
genetic,15,"[0, 5, 3, 6, 13, 11, 1, 4, 12, 11, 8, 5, 2, 7, 10]",1000,16.691897869110107,8
genetic2,15,"[12, 9, 11, 1, 2, 10, 4, 10, 12, 5, 4, 7, 11, 8, 14]",999,15.837740898132324,10
hill_climbing,15,"[2, 8, 3, 11, 14, 5, 12, 10, 4, 7, 0, 13, 9, 0, 1]",1050,0.02041459083557129,5
simulated_annealing,15,"[5, 13, 8, 10, 0, 2, 6, 1, 3, 11, 14, 12, 4, 4, 7]",1000,0.10538125038146973,1
genetic,15,"[2, 11, 9, 6, 12, 9, 4, 0, 5, 14, 10, 8, 13, 2, 6]",1000,16.66300320625305,5
genetic2,15,"[5, 11, 13, 7, 10, 1, 14, 4, 8, 3, 1, 3, 5, 11, 0]",999,15.974772214889526,9
hill_climbing,15,"[1, 7, 11, 11, 6, 4, 13, 10, 13, 2, 8, 5, 0, 10, 14]",1050,0.020080089569091797,3
simulated_annealing,15,"[4, 10, 5, 9, 12, 1, 7, 14, 2, 0, 8, 6, 11, 13, 3]",1000,0.10461664199829102,1
genetic,15,"[3, 6, 0, 12, 12, 9, 10, 14, 2, 4, 13, 13, 2, 14, 6]",1000,16.87050437927246,9
genetic2,15,"[4, 14, 4, 9, 11, 4, 2, 12, 6, 3, 0, 5, 8, 1, 14]",999,15.926761865615845,9
hill_climbing,15,"[9, 5, 13, 4, 1, 8, 14, 0, 3, 7, 2, 7, 12, 6, 0]",1050,0.020480632781982422,4
simulated_annealing,15,"[11, 0, 4, 9, 14, 8, 1, 3, 1, 13, 7, 5, 12, 2, 6]",1000,0.1049346923828125,1
genetic,15,"[5, 0, 5, 1, 6, 7, 13, 2, 14, 3, 7, 11, 12, 10, 13]",1000,16.69356894493103,9
genetic2,15,"[8, 14, 13, 1, 3, 5, 13, 4, 1, 10, 11, 7, 12, 5, 14]",999,15.872434139251709,11
hill_climbing,15,"[8, 14, 9, 0, 13, 5, 12, 6, 1, 3, 13, 7, 2, 8, 10]",1050,0.0206146240234375,4
simulated_annealing,15,"[5, 0, 10, 6, 4, 1, 12, 8, 11, 13, 7, 3, 14, 7, 2]",1000,0.10571861267089844,2
genetic,15,"[1, 14, 2, 3, 7, 0, 10, 12, 14, 8, 2, 13, 5, 12, 6]",1000,16.740675449371338,7
genetic2,15,"[2, 10, 5, 5, 2, 13, 6, 11, 8, 8, 3, 12, 1, 3, 6]",999,15.830174684524536,10
hill_climbing,15,"[4, 12, 13, 3, 1, 14, 2, 5, 8, 11, 0, 6, 6, 9, 7]",1050,0.02099609375,4
simulated_annealing,15,"[9, 2, 5, 1, 6, 13, 11, 4, 7, 10, 6, 3, 12, 0, 8]",1000,0.10422039031982422,2
genetic,15,"[7, 0, 9, 13, 1, 5, 12, 9, 5, 10, 2, 14, 2, 8, 1]",1000,16.70007038116455,7
genetic2,15,"[14, 0, 8, 9, 7, 1, 14, 2, 13, 11, 5, 4, 9, 11, 0]",999,15.85142993927002,10
